CMS_ID;LANGUAGE;NAZIV_RESORT;KRATAK_OPIS_RESORT;ID_TABLICA;CREATED_DATE_;MODIFIED_DATE_
201;E;Solaris Camping Resort 3*;Surrounded by a thick oak forest on the Lanterna peninsula near Poreč, the spacious pitches, apartments and rooms of the Solaris Camping Resort offer a relaxing holiday for nature lovers and naturists.trebaFixati;27;2023-05-05 14:03:02;2023-05-05 14:03:02
201;HR;Solaris Camping Resort 3*;Okruženi hrastovom šumom u miru zelenog poluotoka Lanterna kraj Poreča prostrane parcele, apartmani i sobe Solaris Camping Resorta pružaju opuštajući odmor ljubiteljima prirode i naturizma.trebaFixati;28;2023-05-05 14:03:02;2023-05-05 14:03:02
201;I;Solaris Camping Resort 3*;Circondati da un fitto querceto nel cuore verdeggiante della penisola Lanterna vicino a Parenzo, le spaziose piazzole, gli appartamenti e le camere del Solaris Camping Resort by Valamar regalano agli appassionati di naturismo una vacanza all’insegna del relax.trebaFixati;29;2023-05-05 14:03:02;2023-05-05 14:03:02
201;SL;Solaris Camping Resort 3*;Obdani s hrastovim gozdom na območju miru zelenega polotoka Lanterna pri Poreču, apartmaji, prostorne parcele in sobe Solaris Camping Resorta ponujajo sproščujoč dopust za ljubitelje narave in naturizma.trebaFixati;30;2023-05-05 14:03:02;2023-05-05 14:03:02
204;D;Valamar Lacroma Dubrovnik Hotel 4*;Das Valamar Lacroma Dubrovnik Hotel liegt auf der ruhigen Halbinsel Babin Kuk mit ihrem üppigen Grün und den herrlichen weißen Kiesstränden nur 15 Minuten von der Altstadt von Dubrovnik entfernt.trebaFixati;31;2023-05-05 14:03:02;2023-05-05 14:03:02
204;E;Valamar Lacroma Dubrovnik Hotel 4*;The Valamar Lacroma Dubrovnik Hotel is located on the tranquil Babin kuk peninsula, surrounded by lush greenery and soothing white pebble beaches, only 15 minutes from the old town of Dubrovnik.trebaFixati;32;2023-05-05 14:03:02;2023-05-05 14:03:02
204;HR;Valamar Lacroma Dubrovnik Hotel 4*;Valamar Lacroma Dubrovnik Hotel smješten je na mirnom poluotoku Babin kuk.;33;2023-05-05 14:03:02;2023-05-05 14:03:02
204;I;Valamar Lacroma Dubrovnik Hotel 4*;L’hotel Valamar Lacroma Dubrovnik è situato sulla tranquilla penisola di Babin kuk.;34;2023-05-05 14:03:02;2023-05-05 14:03:02
204;SL;Valamar Lacroma Dubrovnik Hotel 4*;Valamar Lacroma Dubrovnik Hotel leži na mirnem polotoku Babin kuk.;35;2023-05-05 14:03:02;2023-05-05 14:03:02
210;D;Isabella Valamar Collection Island Resort 4*/5*;Das Isabella Valamar Collection Island Resort auf der zauberhaften Insel Sveti Nikola kann man von der Altstadt von Poreč in nur fünf Minuten mit dem Boot erreichen.trebaFixati;36;2023-05-05 14:03:02;2023-05-05 14:03:02
210;E;Isabella Valamar Collection Island Resort 4*/5*;Isabella Valamar Collection Island Resort is located on the magical island of Sveti Nikola, which can be reached from the Poreč 's historic centre in five minutes by boat.trebaFixati;37;2023-05-05 14:03:02;2023-05-05 14:03:02
210;HR;Isabella Valamar Collection Island Resort 4*/5*;Samo petminutna vožnja brodicom dijeli starogradsku rivu Poreča i Isabella Valamar Collection Island Resort na čarobnom otoku Sveti Nikola.;38;2023-05-05 14:03:02;2023-05-05 14:03:02
210;I;Isabella Valamar Collection Island Resort 4*/5*;Il Isabella Valamar Collection Island Resort sorge sulla magica isola di Sveti Nikola, a soli cinque minuti di traversata in barca dalla riva del centro storico di Parenzo.trebaFixati;39;2023-05-05 14:03:02;2023-05-05 14:03:02
210;SL;Isabella Valamar Collection Island Resort 4*/5*;Le petminutna vožnja z ladjico loči poreško rivo v starem mestnem jedru in Isabella Valamar Collection Island Resort na čarobnem otoku Sveti Nikola.;40;2023-05-05 14:03:02;2023-05-05 14:03:02
216;D;Miramar Sunny Hotel & Residence by Valamar 3*;Das Miramar Sunny Hotel & Residence erweitert sein Konzept eines entspannten Strandurlaubs für eine neue Generation von Gästen und bietet ab sofort die volle Freiheit der Wahl.trebaFixati;41;2023-05-05 14:03:02;2023-05-05 14:03:02
216;E;Miramar Sunny Hotel & Residence by Valamar 3*;Miramar Sunny Hotel & Residence adds complete freedom of choice to its laidback beach vacation concept designed for the new traveller.;42;2023-05-05 14:03:02;2023-05-05 14:03:02
216;HR;Miramar Sunny Hotel & Residence by Valamar 3*;Miramar Sunny Hotel & Residence dodaje potpunu slobodu izbora svojem konceptu opuštajućeg odmora na plaži dizajniranom za novu generaciju gostiju.;43;2023-05-05 14:03:02;2023-05-05 14:03:02
216;I;Miramar Sunny Hotel & Residence by Valamar 3*;Il Miramar Sunny Hotel & Residence offre la massima libertà di scelta in merito al proprio concetto di vacanza estiva all’insegna del relax, ideato per la nuova generazione di ospiti.trebaFixati;44;2023-05-05 14:03:02;2023-05-05 14:03:02
216;SL;Miramar Sunny Hotel & Residence by Valamar 3*;Miramar Sunny Hotel & Residence dodaja popolno svobodo izbire pri svojem konceptu sproščenega dopustu na plaži, oblikovanega za novo generacijo gostov.;45;2023-05-05 14:03:02;2023-05-05 14:03:02
218;D;Valamar Argosy Hotel 4*;Das Hotel Valamar Argosy ist von einer erstaunlichen mediterranen Landschaft umgeben und bietet sich für einen romantischen oder entspannenden Urlaub in der Nähe des Altstadtkerns von Dubrovnik ideal an.trebaFixati;46;2023-05-05 14:03:02;2023-05-05 14:03:02
218;E;Valamar Argosy Hotel 4*;Surrounded by stunning Mediterranean scenery, the Valamar Argosy Hotel is the ideal choice for a relaxing or romantic getaway for couples, located near the old town of Dubrovnik.trebaFixati;47;2023-05-05 14:03:02;2023-05-05 14:03:02
218;HR;Valamar Argosy Hotel 4*;Okružen zapanjujućim mediteranskim krajolikom, hotel Valamar Argosy je idealan odabir za romantičan ili opuštajući odmor za parove u blizini starog Starog grada Dubrovnika.trebaFixati;48;2023-05-05 14:03:02;2023-05-05 14:03:02
218;I;Valamar Argosy Hotel 4*;Circondato da un incantevole paesaggio mediterraneo, l’hotel Valamar Argosy è la scelta ideale per una vacanza in coppia all’insegna del romanticismo o relax e vicino al centro storico di Dubrovnik.trebaFixati;49;2023-05-05 14:03:02;2023-05-05 14:03:02
218;SL;Valamar Argosy Hotel 4*;Hotel Valamar Argosy v objemu osupljive sredozemske pokrajine predstavlja idealno izbiro za pare v bližini starega mestnega jedra Dubrovnika.;50;2023-05-05 14:03:02;2023-05-05 14:03:02
220;D;Dubrovnik President Valamar Collection Hotel 5*;Dieses exzellente 5-Sterne-Hotel bietet das beste Urlaubserlebnis in Dubrovnik.;51;2023-05-05 14:03:02;2023-05-05 14:03:02
220;E;Dubrovnik President Valamar Collection Hotel 5*;This exquisite 5-star hotel provides you with the ultimate Dubrovnik experience.;52;2023-05-05 14:03:02;2023-05-05 14:03:02
220;HR;Dubrovnik President Valamar Collection Hotel 5*;Ovaj izvrstan hotel s 5 zvjezdica pruža najbolji doživljaj Dubrovnika.;53;2023-05-05 14:03:02;2023-05-05 14:03:02
220;I;Dubrovnik President Valamar Collection Hotel 5*;Questo eccellente hotel 5 stelle vi regalerà la migliore esperienza di Dubrovnik.;54;2023-05-05 14:03:02;2023-05-05 14:03:02
220;SL;Dubrovnik President Valamar Collection Hotel 5*;Izvrsten hotel s 5 zvezdicami ponuja najboljše doživetje Dubrovnika.;55;2023-05-05 14:03:02;2023-05-05 14:03:02
221;SL;Valamar Riviera Hotel & Residence 4*;Doživite vso lepoto in sredozemski šarm starega dela Poreča med dopustovanjem v Valamar Riviera Hotel & Residence, kjer vas od letošnjega leta pričakuje tudi nova storitev Champagne Breakfast & Brunch.trebaFixati;56;2023-05-05 14:03:02;2023-05-05 14:03:02
221;D;Valamar Riviera Hotel & Residence 4*;Erleben Sie den mediterranen Charme der Altstadt von Poreč während Ihres Urlaubs im Valamar Riviera Hotel & Residence, denn hier erwartet Sie ab sofort unser neues Serviceangebot „Champagne Breakfast & Brunch“.trebaFixati;57;2023-05-05 14:03:02;2023-05-05 14:03:02
221;E;Valamar Riviera Hotel & Residence 4*;Experience the old town of Poreč and its Mediterranean charm during your stay at the Valamar Riviera Hotel & Residence, which now offers our new Champagne Breakfast & Brunch service.trebaFixati;58;2023-05-05 14:03:02;2023-05-05 14:03:02
221;HR;Valamar Riviera Hotel & Residence 4*;Doživite svu ljepotu i mediteranski šarm starog grada Poreča za vrijeme odmora u Valamar Riviera Hotel & Residenceu gdje će vas od ove godine dočekati i nova usluga Champagne Breakfast & Brunch.trebaFixati;59;2023-05-05 14:03:02;2023-05-05 14:03:02
221;I;Valamar Riviera Hotel & Residence 4*;Ammirate tutta la bellezza e il fascino mediterraneo che si celano nel centro storico di Parenzo soggiornando nel Valamar Riviera Hotel & Residence, il quale da quest’anno offre il nuovo Champagne Breakfast & Brunch.trebaFixati;60;2023-05-05 14:03:02;2023-05-05 14:03:02
224;I;Rubin Sunny Hotel by Valamar 3*;Al Rubin Sunny Hotel, in cui ogni elemento rievoca il rilassante stile da spiaggia, potete godervi una vacanza piacevole, al vostro ritmo.;61;2023-05-05 14:03:02;2023-05-05 14:03:02
224;SL;Rubin Sunny Hotel by Valamar 3*;V Rubin Sunny Hotelu je dopust popolnoma prilagojen vašemu ritmu, medtem ko je lahkoten sredozemski življenjski slog vtkan v vsak element tega morskega zatočišča.trebaFixati;62;2023-05-05 14:03:02;2023-05-05 14:03:02
224;D;Rubin Sunny Hotel by Valamar 3*;Im Rubin Sunny Hotel können Sie Urlaub ganz in Ihrem eigenen Rhythmus genießen.;63;2023-05-05 14:03:02;2023-05-05 14:03:02
224;E;Rubin Sunny Hotel by Valamar 3*;At Rubin Sunny Hotel vacation time is designed completely at your own pace and relaxed beach lifestyle culture is sewn-in the very fabric of each element of the hotel.trebaFixati;64;2023-05-05 14:03:02;2023-05-05 14:03:02
224;HR;Rubin Sunny Hotel by Valamar 3*;U Rubin Sunny Hotelu odmor je u potpunosti podređen vašem ritmu, a lagodan mediteranski stil života utkan u svaki element ovoga morskog utočišta.;65;2023-05-05 14:03:02;2023-05-05 14:03:02
232;D;Allegro Sunny Hotel & Residence by Valamar 3*;Mit ihrer Lage in der grünen Oase der Halbinsel St. Andrea in Rabac sind die familienfreundliche Allegro Sunny Hotel & Residence die ideale Wahl für einen Familienurlaub sowie für Gäste, die auf der Suche nach einem aktionsreichen Urlaub in der Natur sind.trebaFixati;66;2023-05-05 14:03:02;2023-05-05 14:03:02
232;E;Allegro Sunny Hotel & Residence by Valamar 3*;Located in the green oasis of the Sv. Andrea peninsula in Rabac, the family-oriented Allegro Sunny Hotel & Residence are ideal for a family holiday.;67;2023-05-05 14:03:02;2023-05-19 08:57:40
232;HR;Allegro Sunny Hotel & Residence by Valamar 3*;Smješteni u zelenoj oazi poluotoka Sv. Andrea u Rapcu, obiteljski Allegro Sunny Hotel & Residence idealan su izbor za obiteljski odmor i goste koji traže aktivni odmor u prirodi.trebaFixati;68;2023-05-05 14:03:02;2023-05-05 14:03:02
232;I;Allegro Sunny Hotel & Residence by Valamar 3*;Situato sulla penisola verdeggiante di Sant’Andrea (Sv. Andrea) a Rabac, l’Allegro Sunny Hotel & Residence è la scelta ideale per una vacanza a misura di famiglia e per gli ospiti alla ricerca di una vacanza attiva in natura.trebaFixati;69;2023-05-05 14:03:02;2023-05-05 14:03:02
232;SL;Allegro Sunny Hotel & Residence by Valamar 3*;Z lokacijo v zeleni oazi polotoka Sv. Andrea v Rabcu predstavlja družinski Allegro Sunny Hotel & Residence idealno izbiro za družinske počitnice in za goste, ki iščejo aktiven dopust v naravi.trebaFixati;70;2023-05-05 14:03:02;2023-05-05 14:03:02
233;HR;Lanterna Sunny Resort by Valamar 2*;Lanterna Sunny Resort by Valamar je smješten na šumovitom poluotoku Lanterna, na pola puta od Poreča do ribarskog gradića Novigrada.;71;2023-05-05 14:03:02;2023-05-05 14:03:02
233;I;Lanterna Sunny Resort by Valamar 2*;Il Lanterna Sunny Resort by Valamar sorge nella boscosa penisola di Lanterna, a metà strada tra Parenzo e la cittadina di pescatori di Cittanova.;72;2023-05-05 14:03:02;2023-05-05 14:03:02
233;SL;Lanterna Sunny Resort by Valamar 2*;Lanterna Sunny Resort by Valamar se nahajajo na gozdnatem polotoku Lanterna, na pol poti od Poreča do ribiškega mesteca Novigrad.;73;2023-05-05 14:03:02;2023-05-05 14:03:02
233;D;Lanterna Sunny Resort by Valamar 2*;Das Lanterna Sunny Resort by Valamar befinden sich auf der bewaldeten Halbinsel Lanterna auf halbem Wege zwischen Poreč und Novigrad.;74;2023-05-05 14:03:02;2023-05-05 14:03:02
233;E;Lanterna Sunny Resort by Valamar 2*;Lanterna Sunny Resort by Valamar is located on the wooded Lanterna peninsula, halfway between Poreč and Novigrad.;75;2023-05-05 14:03:02;2023-05-05 14:03:02
55779;I;Valamar Atrium Baška Residence 4* & 5*;Nel cuore della baia di Baška (Bescanuova), accanto ad una delle più celebri spiagge croate, vi attende una vacanza di prim'ordine nelle eleganti camere e appartamenti dell Valamar Atrium Baška Residence.trebaFixati;76;2023-05-05 14:03:02;2023-05-05 14:03:02
55779;SL;Valamar Atrium Baška Residence 4* & 5*;V središču baščanskega zaliva, poleg ene izmed najbolj znanih hrvaških plaž, vas čakajo vrhunske počitnice v elegantnih sobah in apartmajih Valamar Atrium Baška Residence.trebaFixati;77;2023-05-05 14:03:02;2023-05-05 14:03:02
55779;D;Valamar Atrium Baška Residence 4* & 5*;Ein erstklassiger Urlaub erwartet Sie in den eleganten Zimmern und Appartements der Valamar Atrium Baška Residence.;78;2023-05-05 14:03:02;2023-05-05 14:03:02
55779;E;Valamar Atrium Baška Residence 4* & 5*;In the centre of Baška Bay, next to one of the most famous Croatian beaches, a first-class holiday awaits you in the elegant rooms and apartments of the Valamar Atrium Baška Residence.trebaFixati;79;2023-05-05 14:03:02;2023-05-05 14:03:02
55779;HR;Valamar Atrium Baška Residence 4* & 5*;U središtu bašćanske uvale, uz jednu od najpoznatijih hrvatskih plaža očekuje vas prvoklasni odmor u elegantnim sobama i apartmanima Valamar Atrium Baška Residencea.trebaFixati;80;2023-05-05 14:03:02;2023-05-05 14:03:02
55780;D;Valamar Villa Adria 4*;Einen Urlaub mit Stil in eleganten Zimmer und Appartements verspricht die Villa Adria, die am bekannten Strand Vela Plaža in der Nähe der romanischen Markuskapelle aus dem 16.trebaFixati;81;2023-05-05 14:03:02;2023-05-05 14:03:02
55780;E;Valamar Villa Adria 4*;Relax in style in the elegant rooms and apartments of the Valamar Villa Adria next to the well-known Vela Plaža Beach and Romanesque St.;82;2023-05-05 14:03:02;2023-05-05 14:03:02
55780;HR;Valamar Villa Adria 4*;Odmarajte sa stilom u otmjenim sobama i apartmanima Valamar Ville Adria pored glasovite Vele plaže i romaničke kapelice Sv.;83;2023-05-05 14:03:02;2023-05-05 14:03:02
55780;I;Valamar Villa Adria 4*;Rilassatevi con stile nelle raffinate camere e appartamenti Valamar Villa Adria, accanto alla rinomata spiaggia di Vela Plaža e alla cappella romanica di S.;84;2023-05-05 14:03:02;2023-05-05 14:03:02
55780;SL;Valamar Villa Adria 4*;Dopustujte v slogu v elegantnih sobah in apartmajih Valamar Ville Adria poleg znamenite plaže Vela in romanske kapelice Sv.;85;2023-05-05 14:03:02;2023-05-05 14:03:02
55781;D;Zvonimir Sunny Hotel by Valamar 4*;Das Zvonimir Sunny Hotel liegt in einer idyllischen mediterranen Umgebung neben dem attraktiven Strand Vela Plaža in Baška.;86;2023-05-05 14:03:02;2023-05-05 14:03:02
55781;SL;Zvonimir Sunny Hotel by Valamar 4*;Zvonimir Sunny Hotel leži v idiličnem okolju sredozemskega zelenja ob atraktivni Veli plaži v Baški.;87;2023-05-05 14:03:02;2023-05-05 14:03:02
55781;E;Zvonimir Sunny Hotel by Valamar 4*;Located next to the attractive Vela Plaža Beach in Baška and surrounded by idyllic Mediterranean greenery, the Zvonimir Sunny Hotel has a true beach lifestyle culture sewn-in in the very fabric of each element ensuring a peaceful haven for a relaxing holiday.trebaFixati;88;2023-05-05 14:03:02;2023-05-05 14:03:02
55781;HR;Zvonimir Sunny Hotel by Valamar 4*;Zvonimir Sunny Hotel smješten je u idiličnom okruženju mediteranskog zelenila uz atraktivnu Velu plažu u Baški.;89;2023-05-05 14:03:02;2023-05-05 14:03:02
55781;I;Zvonimir Sunny Hotel by Valamar 4*;Situato vicino alla magnifica spiaggia Vela Plaža a Baška e circondato dall’idilliaca vegetazione mediterranea, lo Zvonimir Sunny Hotel offre un tranquillo rifugio in cui ogni elemento rievoca il rilassante stile da spiaggia.trebaFixati;90;2023-05-05 14:03:02;2023-05-05 14:03:02
55782;D;Corinthia Baška Sunny Hotel by Valamar 3*;Ein abwechslungsreicher Familienurlaub erwartet Sie im Corinthia Baška Sunny Hotel by Valamar neben dem berühmten Kies- und Sandstrand Vela Plaža im südlichen Teil der Insel Krk.trebaFixati;91;2023-05-05 14:03:02;2023-05-05 14:03:02
55782;E;Corinthia Baška Sunny Hotel by Valamar 3*;A fulfilling family holiday awaits you in the Corinthia Baška Sunny Hotel by Valamar next to the famous pebbly and sandy Vela Plaža Beach in the southern part of the island of Krk.trebaFixati;92;2023-05-05 14:03:02;2023-05-05 14:03:02
55782;HR;Corinthia Baška Sunny Hotel by Valamar 3*;Ispunjen obiteljski odmor očekuje vas u Corinthia Baška Sunny Hotelu by Valamar kraj znamenite šljunčane i pješčane Vele plaže u Baški na jugu otoka Krka.;93;2023-05-05 14:03:02;2023-05-05 14:03:02
55782;I;Corinthia Baška Sunny Hotel by Valamar 3*;Una vacanza appagante per tutta la famiglia vi aspetta al Corinthia Baška Sunny Hotel by Valamar vicino alla spiaggia di sabbia e ghiaia Vela plaža a sud Baška all’ sud dell’isola di Krk (Veglia).trebaFixati;94;2023-05-05 14:03:02;2023-05-05 14:03:02
55782;SL;Corinthia Baška Sunny Hotel by Valamar 3*;Programsko pester dopust vas čaka v Corinthia Baška Sunny Hotelu by Valamar poleg znamenite prodnate in peščene Vele plaže v Baški na jugu otoka Krka.;95;2023-05-05 14:03:02;2023-05-05 14:03:02
57662;D;Valamar Tamaris Resort 4*;Das Valamar Tamaris Resort liegt auf der grünen Halbinsel Lanterna und zeichnet sich durch gepflegte Parkanlagen, eine dichte Beschattung durch Steineichen und Kiefern und eine Fülle an aromatischen mediterranen Pflanzen im Bereich der Gehwege und Strände aus.trebaFixati;96;2023-05-05 14:03:02;2023-05-05 14:03:02
57662;E;Valamar Tamaris Resort 4*;The Valamar Tamaris Resort is located within the beautiful and green Lanterna peninsula, featuring a well maintained park with mature oak and fir trees together with Mediterranean shrubs that line the meandering pedestrian walkways and well kept beaches.trebaFixati;97;2023-05-05 14:03:02;2023-05-05 14:03:02
57662;HR;Valamar Tamaris Resort 4*;Valamar Tamaris Resort smješten je na zelenom poluotoku Lanterna u očuvanoj prirodi.;98;2023-05-05 14:03:02;2023-05-05 14:03:02
57662;I;Valamar Tamaris Resort 4*;Il Valamar Tamaris resort sorge in mezzo alla natura incontaminata della verde penisola di Lanterna e offre parchi ben curati, una fitta ombra di querce, lecci e pini, nonché una profumata vegetazione mediterranea lungo le passeggiate e le spiagge curate.trebaFixati;99;2023-05-05 14:03:02;2023-05-05 14:03:02
57662;SL;Valamar Tamaris Resort 4*;Valamar Tamaris Resort se nahaja na zelenem polotoku Lanterna v objemu ohranjene narave.;100;2023-05-05 14:03:02;2023-05-05 14:03:02
69362;D;Girandella Valamar Collection Resort 4*/5*;Gönnen Sie sich einen Urlaub im Girandella Valamar Collection Resort.;101;2023-05-05 14:03:02;2023-05-05 14:03:02
69362;E;Girandella Valamar Collection Resort 4*/5*;Treat yourself to a holiday at the Girandella Valamar Collection Resort, located in a picturesque bay and next to stunning beaches.;102;2023-05-05 14:03:02;2023-05-05 14:03:02
69362;HR;Girandella Valamar Collection Resort 4*/5*;Počastite se odmorom u Girandella Valamar Collection Resortu smještenom u slikovitom zaljevu kraj prekrasnih plaža.;103;2023-05-05 14:03:02;2023-05-05 14:03:02
69362;I;Girandella Valamar Collection Resort 4*/5*;Regalatevi una vacanza nel Girandella Valamar Collection Resort che sorge in una pittoresca insenatura accanto a splendide spiagge.;104;2023-05-05 14:03:02;2023-05-05 14:03:02
69362;SL;Girandella Valamar Collection Resort 4*/5*;Privoščite si dopust v Girandella Valamar Collection Resortu, ki je v slikovitem zalivu poleg prečudovitih plaž.;105;2023-05-05 14:03:02;2023-05-05 14:03:02
71410;D;Imperial Valamar Collection Hotel 4*;Mit seiner Lage neben dem exotischen Stadtpark in der Nähe des Strandes und der Kultur- und Unterhaltungsangebote der Altstadt von Rab zeichnet sich dieses Hotel seit jeher durch seinen individuellen Charakter aus.trebaFixati;106;2023-05-05 14:03:02;2023-05-05 14:03:02
71410;E;Imperial Valamar Collection Hotel 4*;Located next to the exotic town park near the beach, cultural sites of interest, and a variety of entertainment options in the historic town of Rab, this hotel has always attracted visitors with its particular character.trebaFixati;107;2023-05-05 14:03:02;2023-05-05 14:03:02
71410;HR;Imperial Valamar Collection Hotel 4*;Smješten kraj egzotičnog gradskog parka blizu plaže i kulturnog i zabavnog života starog grada Raba, ovaj hotel je oduvijek privlačio svojim karakterom.;108;2023-05-05 14:03:02;2023-05-05 14:03:02
71410;I;Imperial Valamar Collection Hotel 4*;Il Imperial Valamar Collection Hotel, situato nei pressi del parco esotico cittadino, della spiaggia e del centro storico di Rab (Arbe) dove si dispiega la vita culturale e l’intrattenimento, è stato da sempre fonte di fascino e ammirazione.trebaFixati;109;2023-05-05 14:03:02;2023-05-05 14:03:02
71410;SL;Imperial Valamar Collection Hotel 4*;Z lokacijo poleg eksotičnega mestnega parka blizu plaže ter kulturnega in zabavnega življenja starega mestnega jedra Raba je ta hotel že od nekdaj privlačil s svojim karakterjem.trebaFixati;110;2023-05-05 14:03:02;2023-05-05 14:03:02
71421;D;Valamar Bellevue Resort 4*;;111;2023-05-05 14:03:02;2023-05-05 14:03:02
71421;E;Valamar Bellevue Resort 4*;The unique Valamar Bellevue Resort is located above the enchanting beaches of Rabac and their pearl white pebbles.;112;2023-05-05 14:03:02;2023-05-05 14:03:02
71421;HR;Valamar Bellevue Resort 4*;Jedinstveni Valamar Bellevue Resort smješten je iznad očaravajućih rabačkih plaža s biserno bijelim oblucima.;113;2023-05-05 14:03:02;2023-05-05 14:03:02
71421;I;Valamar Bellevue Resort 4*;Il magnifico Valamar Bellevue Resort è situato sopra le meravigliose spiagge di Rabac con ciottoli bianco perla.;114;2023-05-05 14:03:02;2023-05-05 14:03:02
71421;SL;Valamar Bellevue Resort 4*;Edinstveni Valamar Bellevue Resort se nahaja nad očarljivimi rabaškimi plažami z biserno belim prodom.;115;2023-05-05 14:03:02;2023-05-05 14:03:02
74170;D;Valamar Carolina Hotel & Villas 4*;Die Valamar Carolina Hotel & Villas liegen versteckt in einem prächtigen Wald auf der Halbinsel Suha Punta und bieten eine wunderschöne Umgebung mit malerischen Blicken, modernen Zimmern und herrlichen Stränden.trebaFixati;116;2023-05-05 14:03:02;2023-05-05 14:03:02
74170;E;Valamar Carolina Hotel & Villas 4*;Hidden in a magnificent forest on the Suha Punta peninsula, the Valamar Carolina Hotel & Villas offer wonderful ambience with dreamy vistas, modern rooms and stunning beaches.trebaFixati;117;2023-05-05 14:03:02;2023-05-05 14:03:02
74170;HR;Valamar Carolina Hotel & Villas 4*;Skriveni u raskošnoj šumi poluotoka Suha Punta, Valamar Carolina Hotel & Villas pružaju čarobno okruženje s bajkovitim pogledima, modernim sobama i prekrasnim plažama.trebaFixati;118;2023-05-05 14:03:02;2023-05-05 14:03:02
74170;I;Valamar Carolina Hotel & Villas 4*;Immersi nella rigogliosa vegetazione della penisola di Suha Punta, i Valamar Carolina Hotel & Villas offrono un ambiente magnifico con panorami da sogno, camere moderne e incantevoli spiagge.trebaFixati;119;2023-05-05 14:03:02;2023-05-05 14:03:02
74170;SL;Valamar Carolina Hotel & Villas 4*;Skriti v razkošnem gozdu polotoka Suha Punta, vam Valamar Carolina Hotel & Villas ponujajo čarobno okolico s pravljičnimi pogledi, modernimi sobami in prečudovitimi plažami.trebaFixati;120;2023-05-05 14:03:02;2023-05-05 14:03:02
74188;D;San Marino Sunny Resort by Valamar 3*;Skriti v razkošnem gozdu polotoka Suha Punta, vam Valamar Carolina Hotel & Villas ponujajo čarobno okolico s pravljičnimi pogledi, modernimi sobami in prečudovitimi plažami.trebaFixati;121;2023-05-05 14:03:02;2023-05-05 14:03:02
74188;SL;San Marino Sunny Resort by Valamar 3*;Če želite svoji družini privoščiti nepozaben oddih, rezervirajte namestitev v enem izmed petih hotelov v sklopu San Marino Sunny Resorta by Valamar v Loparju blizu znamenite peščene Rajske plaže.trebaFixati;122;2023-05-05 14:03:02;2023-05-05 14:03:02
74188;E;San Marino Sunny Resort by Valamar 3*;If you're looking for a family holiday to remember, we recommend booking accommodation in one of the five hotels in the San Marino Sunny Resort by Valamar in Lopar next to the famous sandy Paradise Beach (Rajska Plaža).trebaFixati;123;2023-05-05 14:03:02;2023-05-05 14:03:02
74188;HR;San Marino Sunny Resort by Valamar 3*;Želite li svojoj obitelji priuštiti odmor za pamćenje, rezervirajte smještaj u jednom od pet hotela u sklopu San Marino Sunny Resorta by Valamar u Loparu blizu čuvene pješčane Rajske plaže.trebaFixati;124;2023-05-05 14:03:02;2023-05-05 14:03:02
74188;I;San Marino Sunny Resort by Valamar 3*;Volete concedervi una vacanza indimenticabile assieme alla vostra famiglia?;125;2023-05-05 14:03:02;2023-05-05 14:03:02
74747;D;Suha Punta Apartments by Valamar 3*;Umgeben von einem dichten Kiefernwald auf der Halbinsel Suha Punta bieten diese Appartements komfortable Unterkünfte in der Nähe der wunderschönen Strände von Rab.trebaFixati;126;2023-05-05 14:03:02;2023-05-05 14:03:02
74747;E;Suha Punta Apartments by Valamar 3*;Surrounded by the lush pine forest of the Suha Punta peninsula, these apartments offer comfortable accommodation close to Rab's stunning beaches.;127;2023-05-05 14:03:02;2023-05-05 14:03:02
74747;HR;Suha Punta Apartments by Valamar 3*;Okruženi bujnom borovom šumom poluotoka Suha Punta, ovi apartmani pružaju komforan smještaj blizu prekrasnih rapskih plaža.;128;2023-05-05 14:03:02;2023-05-05 14:03:02
74747;I;Suha Punta Apartments by Valamar 3*;Circondati da una rigogliosa pineta della penisola di Suha Punta, questi appartamenti offrono un alloggio confortevole nei pressi delle stupende spiagge di Rab.trebaFixati;129;2023-05-05 14:03:02;2023-05-05 14:03:02
74747;SL;Suha Punta Apartments by Valamar 3*;Obdani z bujnim borovim gozdom na polotoka Suha Punta, vam ti apartmaji ponujajo udobno namestitev v bližini prekrasnih rabskih plaž.;130;2023-05-05 14:03:02;2023-05-05 14:03:02
86394;D;Girandella Valamar Collection Resort 4*/5*;Gönnen Sie sich einen Urlaub im Girandella Valamar Collection Resort.;131;2023-05-05 14:03:02;2023-05-05 14:03:02
86394;E;Girandella Valamar Collection Resort 4*/5*;Treat yourself to a holiday at the Girandella Valamar Collection Resort, located in a picturesque bay and next to stunning beaches.;132;2023-05-05 14:03:02;2023-05-05 14:03:02
86394;HR;Girandella Valamar Collection Resort 4*/5*;Počastite se odmorom u Girandella Valamar Collection Resortu smještenom u slikovitom zaljevu kraj prekrasnih plaža.;133;2023-05-05 14:03:02;2023-05-05 14:03:02
86394;I;Girandella Valamar Collection Resort 4*/5*;Regalatevi una vacanza nel Girandella Valamar Collection Resort che sorge in una pittoresca insenatura accanto a splendide spiagge.;134;2023-05-05 14:03:02;2023-05-05 14:03:02
86394;SL;Girandella Valamar Collection Resort 4*/5*;Privoščite si dopust v Girandella Valamar Collection Resortu, ki je v slikovitem zalivu poleg prečudovitih plaž.;135;2023-05-05 14:03:02;2023-05-05 14:03:02
90028;D;Valamar Sanfior Hotel & Casa 4*;Dank ihres modernen Charmes und ihrer hervorragenden Lage in Rabac direkt am Meer sind das Valamar Sanfior Hotel & Casa eine exzellente Wahl für Ihren Urlaub.;136;2023-05-05 14:03:02;2023-05-05 14:03:02
90028;E;Valamar Sanfior Hotel & Casa 4*;Thanks to their modern charm and stunning location right by the sea in Rabac, the Valamar Sanfior Hotel & Casa represent an ideal choice for a great holiday.;137;2023-05-05 14:03:02;2023-05-05 14:03:02
90028;HR;Valamar Sanfior Hotel & Casa 4*;Zahvaljujući suvremenom šarmu i zapanjujućem položaju na samoj obali mora u Rapcu, Valamar Sanfior Hotel & Casa su vrhunski odabir za odmor.;138;2023-05-05 14:03:02;2023-05-05 14:03:02
19;E;Club Dubrovnik Sunny Hotel by Valamar 3*;An action-packed, fun family holiday awaits you at the Club Dubrovnik Sunny Hotel located on the coast of the picturesque Babin kuk peninsula, just a short drive away from the town's historic centre.trebaFixati;1;2023-05-05 14:03:02;2023-05-05 14:03:02
19;HR;Club Dubrovnik Sunny Hotel by Valamar 3*;Zabavan obiteljski odmor prepun aktivnosti očekuje vas u Club Dubrovnik Sunny Hotelu smještenom na obali slikovitog poluotoka Babin kuk, samo nekoliko minuta vožnje od povijesne jezgre grada.trebaFixati;2;2023-05-05 14:03:02;2023-05-05 14:03:02
19;I;Club Dubrovnik Sunny Hotel by Valamar 3*;Al Club Dubrovnik Sunny Hotel, situato lungo la costa della pittoresca penisola di Babin kuk, ad appena qualche minuto in automobile dal centro storico della città.trebaFixati;3;2023-05-05 14:03:02;2023-05-05 14:03:02
19;D;Club Dubrovnik Sunny Hotel by Valamar 3*;Ein abwechslungsreicher Familienurlaub voller Aktivitäten erwartet Sie im Club Dubrovnik Sunny Hotel an der Küste der malerischen Halbinsel Babin Kuk, nur wenige Fahrminuten vom historischen Stadtkern entfernt.trebaFixati;4;2023-05-05 14:03:02;2023-05-05 14:03:02
19;SL;Club Dubrovnik Sunny Hotel by Valamar 3*;Zabavne družinske počitnice z obilico aktivnosti vas čakajo v Club Dubrovnik Sunny Hotelu, ki leži na obali slikovitega polotoka Babin kuk, le nekaj minut vožnje do zgodovinskega jedra mesta.trebaFixati;5;2023-05-05 14:03:02;2023-05-05 14:03:02
32;D;Valamar Tirena Hotel 4*;Das Valamar Tirena Hotel liegt in der ruhigen, von Natur geprägten Halbinsel Babin Kuk und ist ideal für einen erholsamen Familienurlaub in der Nähe des historischen Zentrums von Dubrovnik.trebaFixati;6;2023-05-05 14:03:02;2023-05-05 14:03:02
32;E;Valamar Tirena Hotel 4*;Located in the quiet natural surroundings of the Babin Kuk peninsula, the Valamar Tirena Hotel is ideal for a relaxing family holiday close to the historic centre of Dubrovnik.trebaFixati;7;2023-05-05 14:03:02;2023-05-05 14:03:02
32;HR;Valamar Tirena Hotel 4*;Smješten u mirnom prirodnom okruženju poluotoka Babin kuk, Valamar Tirena Hotel idealan je za opuštajući i obiteljski odmor u blizini starog grada Dubrovnika.;8;2023-05-05 14:03:02;2023-05-05 14:03:02
32;I;Valamar Tirena Hotel 4*;Situato in un ambiente naturale e tranquillo della penisola di Babin kuk, il Valamar Tirena Hotel è il luogo ideale per una rilassante vacanza in famiglia a due passi dal centro storico di Dubrovnik.trebaFixati;9;2023-05-05 14:03:02;2023-05-05 14:03:02
32;SL;Valamar Tirena Hotel 4*;Z lokacijo v mirnem naravnem okolju polotoka Babin kuk je Valamar Tirena Hotel idealen za sproščujoče in družinske počitnice v bližini starega mestnega jedra Dubrovnika.trebaFixati;10;2023-05-05 14:03:02;2023-05-05 14:03:02
34;SL;Crystal Sunny Hotel by Valamar 4*;V Crystal Sunny Hotelu lahko uživate v preprostem dopustu v svojem ritmu.;11;2023-05-05 14:03:02;2023-05-05 14:03:02
34;D;Crystal Sunny Hotel by Valamar 4*;Im Crystal Sunny Hotel können Sie einen stressfreien Urlaub ganz in Ihrem eigenen Tempo genießen.;12;2023-05-05 14:03:02;2023-05-05 14:03:02
34;E;Crystal Sunny Hotel by Valamar 4*;At Crystal Sunny Hotel you can enjoy simple vacations in your own rytham.;13;2023-05-05 14:03:02;2023-05-05 14:03:02
34;HR;Crystal Sunny Hotel by Valamar 4*;U Crystal Sunny Hotelu možete uživati u jednostavnom odmoru u svom ritmu.;14;2023-05-05 14:03:02;2023-05-05 14:03:02
34;I;Crystal Sunny Hotel by Valamar 4*;Al Crystal Sunny Hotel potete godervi una vacanza semplice, al vostro ritmo.;15;2023-05-05 14:03:02;2023-05-05 14:03:02
35;D;Valamar Pinia Hotel 3*;;16;2023-05-05 14:03:02;2023-05-05 14:03:02
35;E;Valamar Pinia Hotel 3*;Surrounded by tall pines just a few steps from a beautiful sandy beach, the Valamar Pinia Hotel is located only a 10-minute-walk from the historic centre of Poreč.trebaFixati;17;2023-05-05 14:03:02;2023-05-05 14:03:02
35;HR;Valamar Pinia Hotel 3*;Okružen visokim borovima na nekoliko koraka od prekrasne pješčane plaže očekuje vas Valamar Pinia Hotel.;18;2023-05-05 14:03:02;2023-05-05 14:03:02
35;I;Valamar Pinia Hotel 3*;A pochi passi dalla stupenda spiaggia di sabbia, circondato da alti pini, sorge il Valamar Pinia Hotel.;19;2023-05-05 14:03:02;2023-05-05 14:03:02
35;SL;Valamar Pinia Hotel 3*;V objemu visokih borovcev in le nekaj korakov stran od prečudovite peščene plaže vas pričakuje Valamar Pinia Hotel.;20;2023-05-05 14:03:02;2023-05-05 14:03:02
194;D;Koralj Sunny Hotel by Valamar 3*;Im Koralj Sunny Hotel können Sie einen stressfreien Urlaub ganz in Ihrem eigenen Tempo genießen.;21;2023-05-05 14:03:02;2023-05-05 14:03:02
194;E;Koralj Sunny Hotel by Valamar 3*;At Koralj Sunny Hotel you can enjoy a complete stress-free holidays designed at your own pace.;22;2023-05-05 14:03:02;2023-05-05 14:03:02
194;HR;Koralj Sunny Hotel by Valamar 3*;U Koralj Sunny Hotelu možete uživati u potpuno bezbrižnom odmoru, u svom ritmu.;23;2023-05-05 14:03:02;2023-05-05 14:03:02
194;I;Koralj Sunny Hotel by Valamar 3*;Il Koralj Sunny Hotel è la scelta ideale per trascorrere una vacanza lontano dallo stress, al proprio ritmo.;24;2023-05-05 14:03:02;2023-05-05 14:03:02
194;SL;Koralj Sunny Hotel by Valamar 3*;V Koralj Sunny Hotelu lahko uživate v popolnoma brezskrbnem dopustu v svojem ritmu.;25;2023-05-05 14:03:02;2023-05-05 14:03:02
201;D;Solaris Camping Resort 3*;Die großzügigen Parzellen, Appartements und Zimmer des Solaris Camping Resorts befinden sich in einer ruhigen, von einem Eichenwald umgebener Lage auf der grünen Halbinsel Lanterna bei Poreč und sind für Naturliebhaber und FKK-Anhänger der ideale Ort für einen entspannenden Urlaub.trebaFixati;26;2023-05-05 14:03:02;2023-05-05 14:03:02
105569;I;Valamar Obertauern Hotel 4*;In una posizione tranquilla nella località di Obertauern, il Valamar Obertauern Hotel vi assicurerà una vacanza perfetta sulle Alpi Salisburghesi.;169;2023-05-05 14:03:02;2023-05-05 14:03:02
105569;SL;Valamar Obertauern Hotel 4*;Valamar Obertauern Hotel je na mirni lokaciji v Obertauernu in vam zagotavlja popolne počitnice v salzburških Alpah.;170;2023-05-05 14:03:02;2023-05-05 14:03:02
124996;D;Valamar Parentino Hotel 4*;Das Valamar Parentino Hotel befindet sich in unmittelbarer Nähe des wunderschönen Kiesstrandes Val Parentino Family nur 5 Gehminuten vom historischen Zentrum von Poreč entfernt und eignet sich ideal für einen aktiven und unterhaltsamen Familienurlaub.trebaFixati;171;2023-05-05 14:03:02;2023-05-05 14:03:02
124996;E;Valamar Parentino Hotel 4*;Located near the wonderful pebbly Val Parentino Family Beach, and only a five-minutes-walk from the old town of Poreč.;172;2023-05-05 14:03:02;2023-05-19 10:45:39
124996;HR;Valamar Parentino Hotel 4*;Na samo 5 minuta šetnje od starog grada Poreča u blizini prekrasne šljunčane plaže Val Parentino Family nalazi se Valamar Parentino Hotel – idealno mjesto za aktivan i zabavan obiteljski odmor.trebaFixati;173;2023-05-05 14:03:02;2023-05-05 14:03:02
124996;I;Valamar Parentino Hotel 4*;A soli 5 minuti di passeggiata dal centro storico di Parenzo, nei pressi della magnifica spiaggia di ghiaia Val Parentino Family, sorge il Valamar Parentino Hotel – il luogo perfetto per godersi una vacanza attiva e divertente con tutta la famiglia.trebaFixati;174;2023-05-05 14:03:02;2023-05-05 14:03:02
124996;SL;Valamar Parentino Hotel 4*;Le 5 minut hoje od starega dela Poreča v bližini prekrasne prodnate plaže Val Parentino Family leži Valamar Parentino Hotel – idealen kraj za aktivne in zabavne družinske počitnice.trebaFixati;175;2023-05-05 14:03:02;2023-05-05 14:03:02
127196;D;Lanterna Premium Camping Resort 4*;Gönnen Sie sich und Ihrer Familie einen unvergesslichen und einzigartigen Urlaub im Lanterna Premium Camping Resort, das sich mit renommierten Qualitätsauszeichnungen rühmen kann.trebaFixati;176;2023-05-05 14:03:02;2023-05-05 14:03:02
127196;E;Lanterna Premium Camping Resort 4*;Treat your family to their best holiday yet at the Lanterna Premium Camping Resort, the proud winner of prestigious quality awards.;177;2023-05-05 14:03:02;2023-05-05 14:03:02
127196;HR;Lanterna Premium Camping Resort 4*;Počastite svoju obitelj najboljim odmorom do sada u Lanterna Premium Camping Resortu, ponosnom dobitniku prestižnih nagrada za kvalitetu.;178;2023-05-05 14:03:02;2023-05-05 14:03:02
127196;I;Lanterna Premium Camping Resort 4*;Regalate alla vostra famiglia la vacanza più bella di sempre nel Lanterna Premium Camping Resort, orgoglioso vincitore di prestigiosi premi di qualità.;179;2023-05-05 14:03:02;2023-05-05 14:03:02
127196;SL;Lanterna Premium Camping Resort 4*;Privoščite svoji družini najboljše počitnice do sedaj v Lanterna Premium Camping Resortu, ponosnemu dobitniku prestižnih nagrad za kakovost.;180;2023-05-05 14:03:02;2023-05-05 14:03:02
127331;D;Istra Premium Camping Resort 5*;Das Istra Premium Camping Resort fügt sich elegant in die mediterrane Natur der romantischen Halbinsel nahe des Küstenortes Funtana ein und bietet ein erstklassiges Campingerlebnis an der Adriaküste.trebaFixati;181;2023-05-05 14:03:02;2023-05-05 14:03:02
127331;E;Istra Premium Camping Resort 5*;Elegantly situated in the Mediterranean surroundings of a romantic peninsula near Funtana, the Istra Premium Camping Resort offers a first-class camping experience on the Adriatic coast.trebaFixati;182;2023-05-05 14:03:02;2023-05-05 14:03:02
127331;HR;Istra Premium Camping Resort 5*;Elegantno uklopljen u mediteransko zelenilo romantičnog poluotoka kraj Funtane, Istra Premium Camping Resort pruža prvoklasan doživljaj kampiranja na jadranskoj obali.trebaFixati;183;2023-05-05 14:03:02;2023-05-05 14:03:02
127331;I;Istra Premium Camping Resort 5*;Immerso nella natura mediterranea, l'elegante Istra Premium Camping Resort sorge sulla romantica penisola vicino a Funtana e offre un’eccezionale esperienza camping sull’Adriatico.trebaFixati;184;2023-05-05 14:03:02;2023-05-05 14:03:02
127331;SL;Istra Premium Camping Resort 5*;Elegantno vpet v sredozemsko zelenje romantičnega polotoka pri Funtani, vam Istra Premium Camping Resort ponuja vrhunsko doživetje kampiranja na jadranski obali.trebaFixati;185;2023-05-05 14:03:02;2023-05-05 14:03:02
127353;D;Ježevac Premium Camping Resort 4*;Das Ježevac Premium Camping Resort bietet ein wunderschönes naturbelassenes Ambiente für Familien oder Romantiker nur wenige Gehminuten von der malerischen Altstadt von Krk entfernt.trebaFixati;186;2023-05-05 14:03:02;2023-05-05 14:03:02
127353;E;Ježevac Premium Camping Resort 4*;The Ježevac Premium Camping Resort offers a wonderful natural setting for a family or romantic holiday and is just a few minutes' walk from the picturesque historic centre of Krk.trebaFixati;187;2023-05-05 14:03:02;2023-05-05 14:03:02
127353;HR;Ježevac Premium Camping Resort 4*;Ježevac Premium Camping Resort pruža nestvarno lijep prirodni ambijent za obiteljski ili romantičan odmor na samo nekoliko minuta ugodne šetnje od slikovitog starog grada Krka.trebaFixati;188;2023-05-05 14:03:02;2023-05-05 14:03:02
127353;I;Ježevac Premium Camping Resort 4*;Il Ježevac Premium Camping Resort offre un’incantevole cornice naturale per una vacanza in famiglia o in coppia, a pochi minuti di piacevole passeggiata dal pittoresco centro storico di Krk.trebaFixati;189;2023-05-05 14:03:02;2023-05-05 14:03:02
127353;SL;Ježevac Premium Camping Resort 4*;Ježevac Premium Camping Resort vam ponuja prečudovit naraven ambient za družinski ali romantičen dopust le nekaj minut prijetnega sprehoda od slikovitega starega mestnega jedra Krka.trebaFixati;190;2023-05-05 14:03:02;2023-05-05 14:03:02
127369;D;Krk Premium Camping Resort 5*;Entdecken Sie das erste Fünf-Sterne-Öko-Camping-Resort Kroatiens in einer hervorragenden Lage in der Nähe des historischen Stadtkerns von Krk.;191;2023-05-05 14:03:02;2023-05-05 14:03:02
127369;E;Krk Premium Camping Resort 5*;Discover the first five-star eco-camping resort in Croatia in a stunning location near the historic town of Krk.;192;2023-05-05 14:03:02;2023-05-05 14:03:02
127369;HR;Krk Premium Camping Resort 5*;Otkrijte prvi eko camping resort s pet zvjezdica u Hrvatskoj na zadivljujućoj lokaciji u blizini povijesnoga grada Krka.;193;2023-05-05 14:03:02;2023-05-05 14:03:02
127369;I;Krk Premium Camping Resort 5*;Il primo camping resort ecologico a 5 stelle in Croazia, situato in una magnifica location vicino al centro storico della città di Krk, è un gioiello tutto da scoprire.trebaFixati;194;2023-05-05 14:03:02;2023-05-05 14:03:02
127369;SL;Krk Premium Camping Resort 5*;Odkritje prvi hrvaški eko camping resort s petimi zvezdicami na osupljivi lokaciji v bližini zgodovinskega mesta Krk.;195;2023-05-05 14:03:02;2023-05-05 14:03:02
127386;D;Brioni Sunny Camping 2*;Das Brioni Sunny Camping liegt in einem Kiefernwald nur sechs Kilometer vom Zentrum von Pula entfernt und bietet ein entspannendes Ambiente für einen Campingurlaub sowie eine beeindruckende Aussicht auf die Inselgruppe des Nationalparks Brijuni.trebaFixati;196;2023-05-05 14:03:02;2023-05-05 14:03:02
127386;E;Brioni Sunny Camping 2*;Located in a pine forest and only six kilometres from the centre of Pula, Brioni Sunny Camping offers a relaxing ambience for a camping holiday with an impressive view of the Brijuni National Park archipelago.trebaFixati;197;2023-05-05 14:03:02;2023-05-05 14:03:02
127386;HR;Brioni Sunny Camping 2*;Smješten u borovoj šumi, na samo šest kilometara od središta Pule, Brioni Sunny Camping pruža opuštajući ambijent za kampiranje uz impresivan pogled na otočje Nacionalnog parka Brijuni.trebaFixati;198;2023-05-05 14:03:02;2023-05-05 14:03:02
127386;I;Brioni Sunny Camping 2*;Situato in una pineta a soli sei chilometri dal centro di Pola, il Brioni Sunny Camping offre un ambiente rilassante e una vista eccezionale sulle isole del Parco nazionale di Brioni.trebaFixati;199;2023-05-05 14:03:02;2023-05-05 14:03:02
127386;SL;Brioni Sunny Camping 2*;Z lokacijo v gozdu borovcev, le šest kilometrov od središča Pulja, vam v Brioni Sunny Campingu ponujamo sproščujoče okolje za kampiranje z impresivnim pogledom na otočje Nacionalnega parka Brioni.trebaFixati;200;2023-05-05 14:03:02;2023-05-05 14:03:02
127397;D;Marina Camping Resort 4*;Entspannen Sie sich ganz ungestört im Marina Camping Resort auf einer kleinen Halbinsel mit kristallklarem Meer, 15 km südlich von Labin.;201;2023-05-05 14:03:02;2023-05-05 14:03:02
127397;E;Marina Camping Resort 4*;Find some peace and quiet at the Marina Camping Resort situated on a small peninsula surrounded by crystal-clear sea 15 km south of Labin.;202;2023-05-05 14:03:02;2023-05-05 14:03:02
127397;HR;Marina Camping Resort 4*;Pronađite svoj mir u Marina Camping Resortu na malom poluotoku okruženom kristalnim morem 15 km južno od Labina.;203;2023-05-05 14:03:02;2023-05-05 14:03:02
127397;I;Marina Camping Resort 4*;Trovate la vostra pace nel Marina Camping Resort che sorge su una piccola penisola baciata dal mare cristallino, 15 chilometri a sud di Labin.;204;2023-05-05 14:03:02;2023-05-05 14:03:02
127397;SL;Marina Camping Resort 4*;Najdite svoj mir v Marina Camping Resortu na majhnem polotoku, obdanem s kristalnim morjem 15 km južno od Labina.;205;2023-05-05 14:03:02;2023-05-05 14:03:02
127407;D;Orsera Camping Resort 3*;Mit seiner Lage im üppigen Grün duftender Kiefern bietet das Orsera Camping Resort ein hervorragendes Ambiente für einen Campingurlaub am Meer in der Nähe des malerischen Ortes Vrsar.trebaFixati;206;2023-05-05 14:03:02;2023-05-05 14:03:02
127407;E;Orsera Camping Resort 3*;Surrounded by the lush greenery of scented pine trees, the Orsera Camping Resort offers a fantastic ambience for a great camping experience by the sea near the picturesque town of Vrsar.trebaFixati;207;2023-05-05 14:03:02;2023-05-05 14:03:02
127407;HR;Orsera Camping Resort 3*;Uronjen u bujno zelenilo mirisnih borova, Orsera Camping Resort pruža fantastičan ambijent za kampiranje uz more nadomak živopisnog gradića Vrsara.;208;2023-05-05 14:03:02;2023-05-05 14:03:02
127407;I;Orsera Camping Resort 3*;Immerso nel verde lussureggiante dei fragranti pini, l’Orsera Camping Resort offre una fantastica cornice per campeggiare in riva al mare nei pressi della pittoresca cittadina di Vrsar.trebaFixati;209;2023-05-05 14:03:02;2023-05-05 14:03:02
127407;SL;Orsera Camping Resort 3*;Potopljen v bujno zelenje dišečih borovcev, vam Orsera Camping Resort ponuja fantastično okolje za kampiranje ob morju tik ob barvitem mestecu Vrsarju.;210;2023-05-05 14:03:02;2023-05-05 14:03:02
127416;D;Škrila Sunny Camping 3*;Dank seiner versteckten Lage im südlichen Teil der Insel Krk, in der Nähe des Dorfes Stara Baška, bietet das Škrila Sunny Camping einen ruhigen und entspannenden Urlaub inmitten wunderschöner Inselnatur.trebaFixati;211;2023-05-05 14:03:02;2023-05-05 14:03:02
127416;E;Škrila Sunny Camping 3*;Hidden in the southern part of the island of Krk near the village of Stara Baška, Škrila Sunny Camping offers a quiet and relaxing holiday in stunning island nature.trebaFixati;212;2023-05-05 14:03:02;2023-05-05 14:03:02
127416;HR;Škrila Sunny Camping 3*;Skriven na južnom dijelu otoka Krka u blizini sela Stara Baška, Škrila Sunny Camping pruža miran i opuštajući odmor u zadivljujućoj otočnoj prirodi.;213;2023-05-05 14:03:02;2023-05-05 14:03:02
127416;I;Škrila Sunny Camping 3*;Incastonato nella parte meridionale dell’isola di Krk nei pressi della località di Stara Baška, il Škrila Sunny Camping regala vacanze tranquille e rilassanti in simbiosi con la meravigliosa natura dell’isola.trebaFixati;214;2023-05-05 14:03:02;2023-05-05 14:03:02
127416;SL;Škrila Sunny Camping 3*;Skrit v južnem delu otoka Krka v bližini vasi Stara Baška, vam Škrila Sunny Camping ponuja miren in sproščujoč dopust v osupljivi otoški naravi.;215;2023-05-05 14:03:02;2023-05-05 14:03:02
127441;D;Tunarica Sunny Camping 2*;Das Tunarica Sunny Camping an der Ostküste Istriens steht für ein authentisches Campingerlebnis inmitten herrlicher Natur.;216;2023-05-05 14:03:02;2023-05-05 14:03:02
127441;E;Tunarica Sunny Camping 2*;Surrender to a true holiday experience in nature at Tunarica Sunny Camping on the eastern coast of Istria.;217;2023-05-05 14:03:02;2023-05-05 14:03:02
127441;HR;Tunarica Sunny Camping 2*;Doživite iskonski doživljaj odmora u prirodi u Tunarica Sunny Campingu na istočnoj obali Istre.;218;2023-05-05 14:03:02;2023-05-05 14:03:02
127441;I;Tunarica Sunny Camping 2*;Godetevi un’autentica vacanza in natura nel Tunarica Sunny Camping sulla costa orientale dell’Istria.;219;2023-05-05 14:03:02;2023-05-05 14:03:02
127441;SL;Tunarica Sunny Camping 2*;Izkusite prvobitno dopustniško doživetje v naravi v Tunarica Sunny Campingu na vzhodni obali Istre.;220;2023-05-05 14:03:02;2023-05-05 14:03:02
127870;D;Baška Beach Camping Resort 4*;Mit seiner Lage direkt am wunderschönen Kiesstrand Vela Plaža bietet das Baška Beach Camping Resort eine bezaubernde Atmosphäre mit Blick auf das türkisfarbene Meer, die imposanten kahlen Klippen der Insel Prvić und die malerischen Hügel oberhalb von Baška.trebaFixati;221;2023-05-05 14:03:02;2023-05-05 14:03:02
127870;E;Baška Beach Camping Resort 4*;With its location right next to the wonderful pebbly Vela Plaža Beach, the Baška Beach Camping Resort offers a splendid ambience with a view of the turquoise sea, the impressive bare cliffs of the island of Prvić, and the picturesque hills above Baška.trebaFixati;222;2023-05-05 14:03:02;2023-05-05 14:03:02
127870;HR;Baška Beach Camping Resort 4*;Smješten kraj prekrasne šljunčane Vele plaže, Baška Beach Camping Resort nudi očaravajući ambijent s pogledom na tirkizno more, impozantne gole litice otoka Prvića i pitoreskna brda iznad Baške.trebaFixati;223;2023-05-05 14:03:02;2023-05-05 14:03:02
127870;I;Baška Beach Camping Resort 4*;Situato nei pressi della meravigliosa spiaggia di ghiaia Vela plaža, il Baška Beach Camping Resort rappresenta un incantevole ambiente con una vista sul mare color turchese, sulle imponenti scogliere spoglie dell’isola di Prvić e sulle pittoresche colline di Baška.trebaFixati;224;2023-05-05 14:03:02;2023-05-05 14:03:02
127870;SL;Baška Beach Camping Resort 4*;Z lokacijo poleg prečudovite prodnate Vele plaže vam Baška Beach Camping Resort ponuja očarljivo vzdušje s pogledom na turkizno morje, veličastne gole pečine otoka Prvića in slikovite hribe nad Baško.trebaFixati;225;2023-05-05 14:03:02;2023-05-05 14:03:02
127885;D;Bunculuka Camping Resort 4*;Das Bunculuka Camping Resort befindet sich nur wenige Gehminuten von Baška entfernt und bietet dank seiner Lage in einer abgelegenen Bucht ein traumhaft entspannendes Ambiente.trebaFixati;226;2023-05-05 14:03:02;2023-05-05 14:03:02
127885;E;Bunculuka Camping Resort 4*;Located just a few minutes’ walk from Baška, the Bunculuka Camping Resort offers a wonderfully relaxing ambience right by the turquoise sea in a secluded pebbly cove surrounded by cliffs and Mediterranean greenery.trebaFixati;227;2023-05-05 14:03:02;2023-05-05 14:03:02
127885;HR;Bunculuka Camping Resort 4*;Smješten na nekoliko minuta hoda od Baške, Bunculuka Camping Resort nudi nestvarno lijep opuštajući ambijent uz tirkizno more u skrovitoj šljunčanoj uvali okruženoj stijenama i mediteranskim zelenilom.trebaFixati;228;2023-05-05 14:03:02;2023-05-05 14:03:02
127885;I;Bunculuka Camping Resort 4*;A pochi minuti a piedi dalla località di Baška, il Bunculuka Camping Resort si trova in una cornice davvero bellissima.;229;2023-05-05 14:03:02;2023-05-05 14:03:02
127885;SL;Bunculuka Camping Resort 4*;Bunculuka Camping Resort, ki je od Baške oddaljen le nekaj minut peš, vam ponuja čudežno lepo sproščujoče okolje ob turkiznem morju v skritem prodnatem zalivu, obdanem s skalami in sredozemskim zelenjem.trebaFixati;230;2023-05-05 14:03:02;2023-05-05 14:03:02
127893;E;Padova Premium Camping Resort 4*;The Padova Premium Camping Resort is located alongside an idyllic sandy cove not far from the historical centre of Rab, which can be reached onby foot or by taxi boat.trebaFixati;231;2023-05-05 14:03:02;2023-05-05 14:03:02
127893;HR;Padova Premium Camping Resort 4*;Padova Premium Camping Resort je smješten uz idiličnu pješčanu uvalu u blizini centra povijesnog grada Raba od kojeg vas dijeli kratka šetnja ili vožnja brodskim taxijem.trebaFixati;232;2023-05-05 14:03:02;2023-05-05 14:03:02
127893;I;Padova Premium Camping Resort 4*;Il Padova Premium Camping Resort sorge in una favolosa baia di sabbia nei pressi del centro storico della città di Rab, raggiungibile facilmente a piedi o tramite una breve traversata in taxi boat.trebaFixati;233;2023-05-05 14:03:02;2023-05-05 14:03:02
127893;SL;Padova Premium Camping Resort 4*;Padova Premium Camping Resort leži ob idiličnem peščenem zalivu v bližini zgodovinskega mestnega središčaRaba, od katerega vas loči le kratek sprehod ali vožnja z ladijskim taksijem.trebaFixati;234;2023-05-05 14:03:02;2023-05-05 14:03:02
127893;D;Padova Premium Camping Resort 4*;Das Padova Premium Camping Resort befindet sich in einer idyllischen sandigen Bucht und ist vom historischen Zentrum von Rab nur wenige Gehminuten oder Taxi-Boot-Minuten entfernt.trebaFixati;235;2023-05-05 14:03:02;2023-05-05 14:03:02
128023;D;San Marino Camping Resort 4*;Das San Marino Camping Resort liegt auf der Halbinsel Lopar direkt am herrlichen, 1,5 km langen Sandstrand „Rajska Plaža“ (Paradiesstrand) und bietet ein idyllisches Ambiente für einen Campingurlaub mit Ihrer Familie.trebaFixati;236;2023-05-05 14:03:02;2023-05-05 14:03:02
128023;E;San Marino Camping Resort 4*;Located on the Lopar peninsula and right next to the magnificent 1.5-km-long Paradise Beach, the San Marino Camping Resort offers an idyllic ambience for a family camping holiday.trebaFixati;237;2023-05-05 14:03:02;2023-05-05 14:03:02
128023;HR;San Marino Camping Resort 4*;Smješten na poluotoku Loparu tik uz veličanstvenu pješčanu Rajsku plažu dugu 1,5 km, San Marino Camping Resort pruža idiličan ambijent za kampiranje s obitelji.trebaFixati;238;2023-05-05 14:03:02;2023-05-05 14:03:02
128023;I;San Marino Camping Resort 4*;Situato sulla penisola di Lopar, nei pressi della magnifica spiaggia di sabbia Rajska plaža lunga 1,5 km, il San Marino Camping Resort offre un ambiente idilliaco per campeggiare con tutta la famiglia.trebaFixati;239;2023-05-05 14:03:02;2023-05-05 14:03:02
128023;SL;San Marino Camping Resort 4*;Z lokacijo na polotoku Loparju tik ob veličastni peščeni Rajski plaži, dolgi 1,5 km, vam v San Marino Camping Resortu ponujamo idilično okolje za kampiranje z družino.trebaFixati;240;2023-05-05 14:03:02;2023-05-05 14:03:02
135502;D;San Marino Camping Resort 4*;Das San Marino Camping Resort liegt auf der Halbinsel Lopar direkt am herrlichen, 1,5 km langen Sandstrand „Rajska Plaža“ (Paradiesstrand) und bietet ein idyllisches Ambiente für einen Campingurlaub mit Ihrer Familie.trebaFixati;241;2023-05-05 14:03:02;2023-05-05 14:03:02
135502;E;San Marino Camping Resort 4*;Located on the Lopar peninsula and right next to the magnificent 1.5-km-long Paradise Beach, the San Marino Camping Resort offers an idyllic ambience for a family camping holiday.trebaFixati;242;2023-05-05 14:03:02;2023-05-05 14:03:02
135502;HR;San Marino Camping Resort 4*;Smješten na poluotoku Loparu tik uz veličanstvenu pješčanu Rajsku plažu dugu 1,5 km, San Marino Camping Resort pruža idiličan ambijent za kampiranje s obitelji.trebaFixati;243;2023-05-05 14:03:02;2023-05-05 14:03:02
135502;I;San Marino Camping Resort 4*;Situato sulla penisola di Lopar, nei pressi della magnifica spiaggia di sabbia Rajska plaža lunga 1,5 km, il San Marino Camping Resort offre un ambiente idilliaco per campeggiare con tutta la famiglia.trebaFixati;244;2023-05-05 14:03:02;2023-05-05 14:03:02
135502;SL;San Marino Camping Resort 4*;Z lokacijo na polotoku Loparju tik ob veličastni peščeni Rajski plaži, dolgi 1,5 km, vam v San Marino Camping Resortu ponujamo idilično okolje za kampiranje z družino.trebaFixati;245;2023-05-05 14:03:02;2023-05-05 14:03:02
136070;E;Arkada Sunny Hotel by Valamar 2*;If you’re looking for affordable accommodation with complete freedom of choice on a stunning location on the island of Hvar, then Arkada Sunny Hotel is an excellent choice.trebaFixati;246;2023-05-05 14:03:02;2023-05-05 14:03:02
136070;HR;Arkada Sunny Hotel by Valamar 2*;Tražite li pristupačan smještaj i potpunu slobodu izbora na zadivljujućoj lokaciji na otoku Hvaru, Arkada Sunny Hotel odličan je izbor za vas.;247;2023-05-05 14:03:02;2023-05-05 14:03:02
136070;I;Arkada Sunny Hotel by Valamar 2*;Se siete alla ricerca di alloggi convenienti e massima libertà in una meravigliosa location sull’isola di Hvar, l’Arkada Sunny Hotel by Valamar è la scelta ideale per voi.trebaFixati;248;2023-05-05 14:03:02;2023-05-05 14:03:02
136070;SL;Arkada Sunny Hotel by Valamar 2*;Če iščete cenovno dostopno namestitev in popolno svobodo izbire na osupljivi lokaciji na otoku Hvaru, predstavlja Arkada Sunny Hotel odlično izbiro.;249;2023-05-05 14:03:02;2023-05-05 14:03:02
136070;D;Arkada Sunny Hotel by Valamar 2*;Wenn Sie auf der Insel Hvar nach einer erschwinglichen Unterkunft mit voller Wahlfreiheit in einer atemberaubenden Lage suchen, dann ist das Arkada Sunny Hotel eine gute Wahl für Sie.trebaFixati;250;2023-05-05 14:03:02;2023-05-05 14:03:02
137092;D;HVAR [PLACESHOTEL] by Valamar;Das HVAR [PLACESHOTEL] by Valamar ist ein neues Hotelkonzept für moderne Reisende, die in ihrem Urlaub am Meer Flexibilität genauso schätzen wie mediterrane Lebensfreude.trebaFixati;251;2023-05-05 14:03:02;2023-05-05 14:03:02
137092;E;HVAR [PLACESHOTEL] by Valamar;HVAR [PLACESHOTEL] by Valamar is a new hotel concept for modern travellers seeking freedom of choice and a vibrant Mediterranean holiday in a hotel by the sea.;252;2023-05-05 14:03:02;2023-05-05 14:03:02
137092;HR;HVAR [PLACESHOTEL] by Valamar;HVAR [PLACESHOTEL] by Valamar novi je koncept hotela za moderne putnike koji traže slobodu izbora i vibrantan mediteranski odmor u hotelu uz samo more, jedinstven po tome što gosta upoznaje s destinacijom na dosad neviđen način, uz puno poštovanje prema prirodi i okruženju.trebaFixati;253;2023-05-05 14:03:02;2023-05-05 14:03:02
137092;I;HVAR [PLACESHOTEL] by Valamar;Il HVAR [PLACESHOTEL] by Valamar propone un nuovo concetto di hotel pensato per i viaggiatori moderni alla ricerca di una frizzante vacanza in stile mediterraneo, all’insegna della libertà.trebaFixati;254;2023-05-05 14:03:02;2023-05-05 14:03:02
137092;SL;HVAR [PLACESHOTEL] by Valamar;HVAR [PLACESHOTEL] by Valamar novi je hotelski koncept za moderne putnike željne slobode izbora i dinamičnog mediteranskog odmora u hotelu.;255;2023-05-05 14:03:02;2023-05-05 14:03:02
217144;D;Valamar Amicor Green Resort 4*;Valamar Amicor Green Resort – das erste Familienresort an der kroatischen Adria, das nach den Prinzipien der Nachhaltigkeit erbaut wurde.;256;2023-05-05 14:03:02;2023-05-05 14:03:02
217144;E;Valamar Amicor Green Resort 4*;Valamar Amicor Green Resort – the first family resort on the Croatian Adriatic built according to principles of sustainable development.;257;2023-05-05 14:03:02;2023-05-05 14:03:02
217144;HR;Valamar Amicor Green Resort 4*;Valamar Amicor Green Resort – prvi obiteljski resort na hrvatskom Jadranu izgrađen u skladu s načelima održivog razvoja.;258;2023-05-05 14:03:02;2023-05-05 14:03:02
217144;I;Valamar Amicor Green Resort 4*;Valamar Amicor Green Resort – il primo resort per famiglie sull’Adriatico croato costruito secondo i principi dello sviluppo sostenibile.;259;2023-05-05 14:03:02;2023-05-05 14:03:02
217144;SL;Valamar Amicor Green Resort 4*;Valamar Amicor Green Resort – prvi družinski resort na hrvaškem Jadranu, zgrajen v skladu z načeli trajnostnega razvoja.;260;2023-05-05 14:03:02;2023-05-05 14:03:02
224918;HR;Kesselspitze Valamar Collection Hotel 5*;Zahvaljujući jedinstvenoj lokaciji u mirnom dijelu Obertauerna, besprijekornim sadržajima i ekskluzivnim V Level uslugama, Kesselspitze Valamar Collection Hotel pravi je izbor za hedonistički odmor u planinama.trebaFixati;261;2023-05-05 14:03:02;2023-05-05 14:03:02
224918;SL;Kesselspitze Valamar Collection Hotel 5*;Z edinstveno lokacijo v mirnem delu Obertauerna, brezhibnimi vsebinami in ekskluzivnimi V Level storitvami je Kesselspitze Valamar Collection Hotel prava izbira za hedonističen oddih v gorah.trebaFixati;262;2023-05-05 14:03:02;2023-05-05 14:03:02
224918;I;Kesselspitze Valamar Collection Hotel 5*;Grazie alla sua location unica, in un angolo tranquillo di Obertauern, all’offerta eccellente e ai servizi esclusivi di Livello V, il Kesselspitze Valamar Collection Hotel è la scelta giusta per una vacanza all’insegna dell’edonismo in montagna.trebaFixati;263;2023-05-05 14:03:02;2023-05-05 14:03:02
224918;D;Kesselspitze Valamar Collection Hotel 5*;Dank seiner einzigartigen Lage in einem ruhigen Teil von Obertauern, ausgezeichneten Serviceangeboten und exklusiven V-Level-Services ist das Kesselspitze Valamar Collection Hotel die richtige Wahl für einen unvergesslichen Urlaub in den Bergen.trebaFixati;264;2023-05-05 14:03:02;2023-05-05 14:03:02
224918;E;Kesselspitze Valamar Collection Hotel 5*;With its unique location in a quiet part of Obertauern, impeccable facilities and exclusive V Level services, the Kesselspitze Valamar Collection Hotel is the right choice for a memorable holiday in the mountains.trebaFixati;265;2023-05-05 14:03:02;2023-05-05 14:03:02
127432;E;Solitudo Sunny Camping 3*;The only campsite in Dubrovnik – Solitudo Sunny Camping – is located on the quiet wooded peninsula of Babin kuk, just a 10-minute ride from the world-famous Old Town of Dubrovnik.trebaFixati;266;2023-05-05 14:03:02;2023-05-05 14:03:02
127432;HR;Solitudo Sunny Camping 3*;Jedini kamp u Dubrovniku - Solitudo Sunny Camping - nalazi se na mirnom šumovitom poluotoku Babin kuk udaljenom samo 10 minuta vožnje od svjetski poznatog Starog grada Dubrovnika.trebaFixati;267;2023-05-05 14:03:02;2023-05-05 14:03:02
127432;D;Solitudo Sunny Camping 3*;Der einzige Campingplatz in Dubrovnik – das Solitudo Sunny Camping – befindet sich auf der ruhigen, bewaldeten Halbinsel Babin kuk nur 10 Autominuten von der weltberühmten Altstadt von Dubrovnik entfernt.trebaFixati;268;2023-05-05 14:03:02;2023-05-05 14:03:02
127432;I;Solitudo Sunny Camping 3*;Il Solitudo Sunny Camping vanta l’appellativo di unico campeggio di Dubrovnik e sorge sulla tranquilla penisola boscosa di Babin kuk, a soli 10 minuti di strada dal famosissimo centro storico di Dubrovnik.trebaFixati;269;2023-05-05 14:03:02;2023-05-05 14:03:02
127432;SL;Solitudo Sunny Camping 3*;Edini kamp v Dubrovniku - Solitudo Sunny Camping – leži na mirnem gozdnatem polotoku Babin kuk, ki je od svetovno znanega starega mestnega jedra Dubrovnika oddaljen le 10 minut vožnje.trebaFixati;270;2023-05-05 14:03:02;2023-05-05 14:03:02
72286;E;Valamar Padova Hotel 4*;Indulge in the ultimate beach vacation at the Valamar Padova Hotel, located above a magnificent sandy beach and with stunning views of the historic town of Rab.trebaFixati;1234;2023-05-19 08:27:28;2023-05-19 08:27:28
72286;D;Valamar Padova Hotel 4*;Genießen Sie den ultimativen Urlaub am Meer im Valamar Padova Hotel, das sich oberhalb eines herrlichen Sandstrandes mit atemberaubendem Blick auf die historische Altstadt von Rab befindet.trebaFixati;1235;2023-05-19 08:28:26;2023-05-19 08:28:26
72286;SL;Valamar Padova Hotel 4*;Uživajte v vrhunskem oddihu na morju v Valamar Padova Hotelu nad veličastno peščeno plažo s prečudovitim pogledom na zgodovinsko mestno jedro Raba.;1236;2023-05-19 08:29:04;2023-05-19 08:29:04
72286;I;Valamar Padova Hotel 4*;Abbandonatevi alla vacanza perfetta in spiaggia presso il Valamar Padova Hotel, situato a ridosso di una magnifica spiaggia di sabbia con vista mozzafiato sul centro storico di Rab.trebaFixati;1111;2023-05-19 08:29:46;2023-05-19 08:29:46
72286;HR;Valamar Padova Hotel 4*;Uživajte u vrhunskom odmoru na moru u Valamar Padova Hotelu smještenom iznad veličanstvene pješčane plaže s prekrasnim pogledom na povijesnu gradsku jezgru Raba.trebaFixati;1231314;2023-05-19 08:30:21;2023-05-19 08:30:21
90028;I;Valamar Sanfior Hotel & Casa 4*;Grazie al suo fascino contemporaneo e alla splendida posizione in riva al mare a Rabac, il Valamar Sanfior Hotel & Casa è la destinazione perfetta per le vostre vacanze.trebaFixati;139;2023-05-05 14:03:02;2023-05-05 14:03:02
90028;SL;Valamar Sanfior Hotel & Casa 4*;Zaradi sodobnega šarma in osupljive lokacije na morski obali v Rabcu predstavljata Valamar Sanfior Hotel & Casa vrhunsko izbiro za dopust.;140;2023-05-05 14:03:02;2023-05-05 14:03:02
91173;SL;Valamar Diamant Hotel 4* & Residence 3*;Če iščete popolno kombinacijo športa, wellnessa in gurmanskih doživetij, se nič ne more primerjati z Valamar Diamant Hotel & Residence v Poreču.;141;2023-05-05 14:03:02;2023-05-05 14:03:02
91173;D;Valamar Diamant Hotel 4* & Residence 3*;Wenn Sie eine perfekte Kombination aus Sport-, Wellness- und Gourmeterlebnissen suchen, dann ist das Valamar Diamant Hotel & Residence in Poreč der ideale Ort für Sie.trebaFixati;142;2023-05-05 14:03:02;2023-05-05 14:03:02
91173;E;Valamar Diamant Hotel 4* & Residence 3*;If you're looking for a perfect combination of sports, wellness and gourmet experiences, there's no better place than the Valamar Diamant Hotel & Residence in Poreč.trebaFixati;143;2023-05-05 14:03:02;2023-05-05 14:03:02
91173;HR;Valamar Diamant Hotel 4* & Residence 3*;Ako tražite savršenu kombinaciju sporta, wellnessa i gourmet doživljaja, nema boljeg mjesta od Valamar Diamant Hotel & Residencea u Poreču.;144;2023-05-05 14:03:02;2023-05-05 14:03:02
91173;I;Valamar Diamant Hotel 4* & Residence 3*;Se state cercando la combinazione perfetta di sport, benessere ed esperienze gourmet, la trovate nel Valamar Diamant Hotel & Residence a Parenzo.;145;2023-05-05 14:03:02;2023-05-05 14:03:02
99762;D;Marea Valamar Collection Suites 5*;In der Nähe einer herrlichen Bucht gelegen und nur 10 Minuten Spazierweg von der Altstadt von Poreč entfernt bieten die Marea Valamar Collection Suites 5* einen luxuriösen Familienurlaub.trebaFixati;146;2023-05-05 14:03:02;2023-05-05 14:03:02
99762;E;Marea Valamar Collection Suites 5*;Located next to a scenic cove only 10 minutes walk from the historic centre of Poreč, the Marea Valamar Collection Suites 5* offer luxurious family holidays.;147;2023-05-05 14:03:02;2023-05-05 14:03:02
99762;HR;Marea Valamar Collection Suites 5*;Smješten uz prekrasnu uvalu, samo 10 minuta hoda od starog grada Poreča, Marea Valamar Collection Suites 5* nudi luksuzan obiteljski odmor.;148;2023-05-05 14:03:02;2023-05-05 14:03:02
99762;I;Marea Valamar Collection Suites 5*;Situate nei pressi di una baia meravigliosa, a soli 10 minuti a piedi dal centro storico di Parenzo, le Marea Valamar Collection Suites 5* offrono una vacanza in famiglia all’insegna del lusso.trebaFixati;149;2023-05-05 14:03:02;2023-05-05 14:03:02
99762;SL;Marea Valamar Collection Suites 5*;Z lokacijo ob prekrasnem zalivu, samo 10 minuta hoje od starega mestnega jedra Poreča, ponujajo Marea Valamar Collection Suites 5* luksuzen družinski dopust.;150;2023-05-05 14:03:02;2023-05-05 14:03:02
102655;D;Valamar Meteor Hotel 4*;Erleben Sie den unwiderstehlichen Charme des Hotels Valamar Meteor, das bereits einen besonderen Platz im Herzen vieler Besucher von Makarska gefunden hat.;151;2023-05-05 14:03:02;2023-05-05 14:03:02
102655;E;Valamar Meteor Hotel 4*;Experience the irresistible charm of the Valamar Meteor Hotel, which has long found a special place in the hearts of many visitors to Makarska.;152;2023-05-05 14:03:02;2023-05-05 14:03:02
102655;HR;Valamar Meteor Hotel 4*;Otkrijte neodoljivi šarm hotela Valamar Meteor koji se uvukao u srce brojnih posjetitelja Makarske.;153;2023-05-05 14:03:02;2023-05-05 14:03:02
102655;I;Valamar Meteor Hotel 4*;Scoprite l’incantevole fascino dell’hotel Valamar Meteor che gli ha permesso di conquistare il cuore di tantissimi visitatori di Makarska.;154;2023-05-05 14:03:02;2023-05-05 14:03:02
102655;SL;Valamar Meteor Hotel 4*;Odkrijte mikaven šarm hotela Valamar Meteor, ki je našel posebno mesto v srcih številnih obiskovalcev Makarske.;155;2023-05-05 14:03:02;2023-05-05 14:03:02
103309;E;DALMACIJA [PLACESHOTEL] by Valamar;DALMACIJA [PLACESHOTEL] by Valamar is the second hotel of our newest brand, designed for curious modern travellers who are looking for more than just another place to check off their bucket list.trebaFixati;156;2023-05-05 14:03:02;2023-05-05 14:03:02
103309;I;DALMACIJA [PLACESHOTEL] by Valamar;Il DALMACIJA [PLACESHOTEL] by Valamar è il secondo hotel del nostro nuovo marchio Places, pensato per i viaggiatori moderni, spinti dal desiderio di catapultarsi nel cuore della destinazione in modo del tutto originale.trebaFixati;157;2023-05-05 14:03:02;2023-05-05 14:03:02
103309;SL;DALMACIJA [PLACESHOTEL] by Valamar;DALMACIJA [PLACESHOTEL] by Valamar je drugi hotel iz kolekcije naše najnovejše blagovne znamke, zasnovane za moderne popotnike zvedavega duha, ki od dopusta pričakujejo kanček več.trebaFixati;158;2023-05-05 14:03:02;2023-05-05 14:03:02
103309;D;DALMACIJA [PLACESHOTEL] by Valamar;Das DALMACIJA [PLACESHOTEL] by Valamar ist das zweite Hotel aus der Kollektion unserer jüngsten Marke, die konzipiert wurde für moderne Reisende voller Neugier und Abenteuerlust, die von ihrem Urlaub etwas mehr erwarten.trebaFixati;159;2023-05-05 14:03:02;2023-05-05 14:03:02
103309;HR;DALMACIJA [PLACESHOTEL] by Valamar;DALMACIJA [PLACESHOTEL] by Valamar drugi je hotel iz kolekcije našeg najnovijeg brenda, osmišljen za moderne putnike radoznalog duha koji od odmora očekuju mrvicu više.trebaFixati;160;2023-05-05 14:03:02;2023-05-05 14:03:02
104315;D;Rivijera Sunny Resort by Valamar 2*;Wenn Sie eine erschwingliche Unterkunft in Strandnähe in Makarska suchen, dann ist das Rivijera Sunny Resort by Valamar die ideale Wahl für Sie.;161;2023-05-05 14:03:02;2023-05-05 14:03:02
104315;E;Rivijera Sunny Resort by Valamar 2*;If you're looking for affordable accommodation near the beach in Makarska, then the Rivijera Sunny Resort by Valamar is the ideal choice for you.;162;2023-05-05 14:03:02;2023-05-05 14:03:02
104315;HR;Rivijera Sunny Resort by Valamar 2*;Tražite li povoljan smještaj blizu plaže u Makarskoj, Rivijera Sunny Resort by Valamar je idealan izbor za vas.;163;2023-05-05 14:03:02;2023-05-05 14:03:02
104315;I;Rivijera Sunny Resort by Valamar 2*;State cercando un alloggio economico nei pressi della spiaggia a Makarska?;164;2023-05-05 14:03:02;2023-05-05 14:03:02
104315;SL;Rivijera Sunny Resort by Valamar 2*;Če iščete cenovno ugodno namestitev v bližini plaže v Makarski, potem predstavlja Rivijera Sunny Resort by Valamar za vas idealno izbiro.;165;2023-05-05 14:03:02;2023-05-05 14:03:02
105569;D;Valamar Obertauern Hotel 4*;Mit seiner ruhigen Lage verspricht das Valamar Obertauern Hotel einen perfekten Urlaub in den Salzburger Alpen.;166;2023-05-05 14:03:02;2023-05-05 14:03:02
105569;E;Valamar Obertauern Hotel 4*;With its quiet location in Obertauern, the Valamar Obertauern Hotel guarantees a perfect holiday in the Salzburg Alps.;167;2023-05-05 14:03:02;2023-05-05 14:03:02
105569;HR;Valamar Obertauern Hotel 4*;Smješten na mirnoj lokaciji u Obertauernu, Valamar Obertauern Hotel jamči savršen odmor u salzburškim Alpama.;168;2023-05-05 14:03:02;2023-05-05 14:03:02
